,popul,TVnews,selfLR,ClinLR,DoleLR,PID,age,educ,income,vote
0,0_2000,6_9,6_9,0_3,6_9,6_8,30_60,3_6,0_10,1
1,0_2000,0_3,3_6,3_6,3_6,0_2,0_30,3_6,0_10,0
2,0_2000,6_9,0_3,0_3,6_9,0_2,0_30,6_9,0_10,0
3,0_2000,3_6,3_6,3_6,3_6,0_2,0_30,6_9,0_10,0
4,0_2000,6_9,3_6,6_9,3_6,0_2,60_90,6_9,0_10,0
5,0_2000,3_6,3_6,3_6,6_9,0_2,0_30,3_6,0_10,0
6,0_2000,6_9,3_6,6_9,3_6,0_2,60_90,3_6,0_10,0
7,0_2000,0_3,3_6,3_6,3_6,4_6,0_30,3_6,0_10,0
8,0_2000,6_9,3_6,6_9,3_6,2_4,30_60,3_6,0_10,0
9,2000_4000,0_3,3_6,3_6,6_9,0_2,30_60,3_6,0_10,0
10,0_2000,0_3,3_6,0_3,3_6,4_6,0_30,0_3,0_10,0
11,0_2000,3_6,3_6,3_6,6_9,0_2,30_60,3_6,0_10,0
12,0_2000,0_3,3_6,3_6,6_9,4_6,0_30,3_6,0_10,1
13,0_2000,6_9,3_6,3_6,6_9,0_2,30_60,3_6,0_10,0
14,0_2000,6_9,3_6,6_9,3_6,0_2,60_90,0_3,0_10,0
15,0_2000,6_9,6_9,6_9,3_6,0_2,60_90,3_6,0_10,0
16,0_2000,6_9,3_6,3_6,3_6,0_2,30_60,3_6,0_10,0
17,0_2000,3_6,3_6,3_6,6_9,0_2,0_30,6_9,0_10,0
18,0_2000,6_9,6_9,0_3,6_9,4_6,30_60,3_6,0_10,1
19,0_2000,0_3,0_3,0_3,3_6,0_2,30_60,3_6,0_10,0
20,0_2000,6_9,3_6,3_6,6_9,2_4,60_90,0_3,0_10,0
21,0_2000,0_3,0_3,3_6,6_9,2_4,0_30,3_6,0_10,0
22,0_2000,3_6,3_6,6_9,3_6,2_4,0_30,3_6,0_10,0
23,0_2000,6_9,6_9,0_3,6_9,6_8,30_60,3_6,0_10,1
24,0_2000,0_3,3_6,0_3,0_3,0_2,30_60,3_6,0_10,0
25,0_2000,0_3,3_6,3_6,6_9,0_2,0_30,3_6,0_10,0
26,0_2000,3_6,3_6,3_6,6_9,0_2,30_60,3_6,0_10,0
27,0_2000,6_9,3_6,3_6,3_6,0_2,30_60,6_9,0_10,0
28,0_2000,3_6,3_6,3_6,3_6,0_2,30_60,3_6,0_10,0
29,0_2000,3_6,3_6,6_9,0_3,0_2,30_60,3_6,0_10,0
30,0_2000,0_3,3_6,3_6,6_9,2_4,0_30,0_3,0_10,0
31,0_2000,3_6,3_6,3_6,0_3,0_2,60_90,0_3,0_10,0
32,0_2000,0_3,3_6,3_6,3_6,0_2,30_60,3_6,0_10,0
33,0_2000,0_3,3_6,3_6,6_9,0_2,30_60,3_6,0_10,0
34,0_2000,6_9,6_9,3_6,6_9,4_6,30_60,3_6,0_10,1
35,0_2000,6_9,3_6,3_6,6_9,0_2,30_60,3_6,0_10,0
36,0_2000,6_9,3_6,3_6,6_9,0_2,60_90,3_6,0_10,0
37,0_2000,6_9,6_9,0_3,6_9,4_6,60_90,3_6,0_10,1
38,0_2000,0_3,6_9,0_3,6_9,6_8,0_30,3_6,0_10,1
39,0_2000,0_3,3_6,0_3,6_9,0_2,30_60,6_9,0_10,0
40,0_2000,6_9,3_6,3_6,3_6,0_2,30_60,0_3,0_10,0
41,0_2000,3_6,6_9,3_6,3_6,4_6,30_60,3_6,0_10,0
42,0_2000,0_3,0_3,3_6,6_9,0_2,0_30,6_9,0_10,0
43,0_2000,0_3,6_9,6_9,3_6,6_8,30_60,0_3,0_10,0
44,0_2000,6_9,3_6,3_6,6_9,2_4,30_60,3_6,0_10,0
45,0_2000,3_6,6_9,6_9,3_6,2_4,60_90,6_9,0_10,0
46,0_2000,6_9,3_6,3_6,0_3,6_8,30_60,3_6,0_10,1
47,0_2000,6_9,3_6,6_9,6_9,0_2,60_90,0_3,0_10,0
48,0_2000,6_9,3_6,3_6,0_3,0_2,30_60,3_6,0_10,0
49,0_2000,0_3,3_6,3_6,3_6,2_4,0_30,6_9,0_10,0
50,0_2000,6_9,3_6,0_3,6_9,4_6,60_90,3_6,0_10,1
51,0_2000,0_3,3_6,0_3,6_9,4_6,30_60,3_6,0_10,1
52,0_2000,6_9,3_6,3_6,6_9,2_4,60_90,0_3,0_10,0
53,0_2000,0_3,3_6,3_6,3_6,0_2,60_90,3_6,0_10,0
54,0_2000,6_9,0_3,3_6,6_9,0_2,60_90,3_6,0_10,0
55,0_2000,3_6,6_9,0_3,3_6,4_6,60_90,3_6,0_10,1
56,0_2000,0_3,3_6,0_3,3_6,2_4,60_90,3_6,0_10,1
57,0_2000,6_9,3_6,3_6,6_9,0_2,60_90,0_3,0_10,0
58,0_2000,0_3,6_9,0_3,6_9,6_8,30_60,6_9,0_10,1
59,0_2000,3_6,3_6,0_3,6_9,0_2,60_90,3_6,0_10,0
60,0_2000,0_3,0_3,3_6,6_9,0_2,30_60,6_9,0_10,0
61,2000_4000,6_9,0_3,0_3,6_9,0_2,30_60,3_6,0_10,0
62,0_2000,0_3,3_6,3_6,6_9,2_4,30_60,3_6,0_10,0
63,0_2000,0_3,3_6,3_6,6_9,0_2,0_30,3_6,0_10,0
64,0_2000,3_6,3_6,6_9,0_3,0_2,30_60,3_6,0_10,0
65,0_2000,0_3,3_6,3_6,6_9,0_2,60_90,3_6,0_10,0
66,0_2000,3_6,6_9,6_9,0_3,0_2,30_60,3_6,0_10,0
67,0_2000,6_9,6_9,3_6,3_6,4_6,30_60,3_6,0_10,1
68,0_2000,0_3,6_9,0_3,3_6,4_6,60_90,3_6,0_10,1
69,0_2000,6_9,6_9,0_3,6_9,6_8,60_90,3_6,0_10,1
70,0_2000,0_3,3_6,3_6,6_9,4_6,30_60,6_9,0_10,0
71,0_2000,0_3,0_3,3_6,6_9,0_2,30_60,3_6,0_10,0
72,0_2000,6_9,6_9,0_3,6_9,6_8,30_60,0_3,0_10,1
73,0_2000,0_3,3_6,3_6,3_6,2_4,30_60,3_6,0_10,0
74,0_2000,0_3,3_6,6_9,3_6,0_2,0_30,3_6,0_10,0
75,0_2000,3_6,3_6,0_3,6_9,2_4,30_60,3_6,0_10,0
76,0_2000,0_3,0_3,0_3,3_6,0_2,0_30,0_3,0_10,0
77,0_2000,3_6,3_6,6_9,3_6,0_2,60_90,0_3,0_10,0
78,0_2000,6_9,3_6,6_9,0_3,2_4,0_30,3_6,0_10,0
79,0_2000,6_9,3_6,3_6,3_6,2_4,30_60,3_6,0_10,0
80,0_2000,6_9,3_6,3_6,0_3,2_4,60_90,3_6,0_10,0
81,0_2000,3_6,3_6,3_6,3_6,0_2,60_90,3_6,0_10,0
82,0_2000,6_9,3_6,3_6,6_9,2_4,90_120,0_3,0_10,0
83,0_2000,6_9,3_6,0_3,3_6,0_2,60_90,0_3,0_10,0
84,0_2000,0_3,6_9,3_6,3_6,4_6,30_60,3_6,0_10,1
85,0_2000,6_9,3_6,3_6,0_3,0_2,30_60,0_3,0_10,0
86,0_2000,0_3,6_9,0_3,6_9,4_6,30_60,3_6,0_10,1
87,0_2000,3_6,6_9,3_6,3_6,0_2,60_90,0_3,0_10,0
88,0_2000,0_3,3_6,3_6,6_9,6_8,0_30,3_6,0_10,1
89,0_2000,6_9,0_3,0_3,6_9,0_2,0_30,3_6,0_10,0
90,0_2000,0_3,3_6,3_6,6_9,0_2,0_30,6_9,0_10,0
91,0_2000,0_3,3_6,0_3,6_9,2_4,30_60,6_9,0_10,0
92,0_2000,6_9,6_9,0_3,6_9,6_8,60_90,3_6,0_10,1
93,0_2000,0_3,6_9,0_3,6_9,6_8,30_60,3_6,0_10,1
94,0_2000,3_6,3_6,3_6,6_9,0_2,30_60,3_6,0_10,0
95,0_2000,6_9,3_6,3_6,6_9,0_2,30_60,3_6,0_10,1
96,0_2000,6_9,3_6,3_6,6_9,4_6,60_90,3_6,0_10,1
97,0_2000,3_6,3_6,3_6,3_6,6_8,60_90,3_6,0_10,1
98,0_2000,3_6,3_6,3_6,6_9,4_6,30_60,6_9,0_10,1
99,0_2000,3_6,3_6,0_3,6_9,4_6,60_90,3_6,0_10,0
100,0_2000,6_9,3_6,3_6,3_6,0_2,60_90,6_9,0_10,0
101,0_2000,0_3,6_9,0_3,6_9,4_6,30_60,3_6,0_10,1
102,0_2000,6_9,3_6,3_6,6_9,0_2,60_90,0_3,0_10,0
103,0_2000,3_6,3_6,3_6,3_6,4_6,30_60,0_3,0_10,1
104,0_2000,3_6,3_6,3_6,3_6,0_2,30_60,6_9,0_10,0
105,2000_4000,0_3,3_6,3_6,6_9,0_2,90_120,0_3,0_10,0
106,0_2000,6_9,3_6,3_6,3_6,0_2,30_60,3_6,0_10,0
107,0_2000,6_9,3_6,3_6,0_3,6_8,60_90,3_6,0_10,0
108,0_2000,6_9,3_6,6_9,3_6,0_2,60_90,3_6,0_10,0
109,0_2000,0_3,3_6,3_6,3_6,0_2,30_60,3_6,0_10,0
110,0_2000,0_3,0_3,3_6,3_6,0_2,0_30,6_9,0_10,0
111,0_2000,6_9,3_6,3_6,3_6,0_2,60_90,3_6,0_10,0
112,0_2000,6_9,6_9,3_6,6_9,0_2,60_90,3_6,0_10,0
113,0_2000,0_3,6_9,3_6,6_9,6_8,0_30,6_9,0_10,1
114,0_2000,6_9,6_9,0_3,3_6,4_6,60_90,0_3,0_10,1
115,6000_8000,3_6,6_9,6_9,6_9,2_4,0_30,0_3,0_10,0
116,0_2000,6_9,6_9,3_6,0_3,0_2,0_30,3_6,0_10,0
117,0_2000,6_9,3_6,3_6,6_9,4_6,60_90,3_6,0_10,0
118,0_2000,0_3,3_6,3_6,3_6,2_4,30_60,3_6,0_10,0
119,0_2000,3_6,3_6,3_6,0_3,2_4,30_60,3_6,0_10,0
120,0_2000,6_9,3_6,3_6,6_9,0_2,30_60,3_6,0_10,0
121,0_2000,0_3,3_6,0_3,6_9,6_8,0_30,3_6,0_10,1
122,0_2000,6_9,3_6,6_9,3_6,0_2,30_60,3_6,0_10,0
123,0_2000,3_6,6_9,3_6,6_9,6_8,30_60,6_9,0_10,1
124,0_2000,3_6,3_6,3_6,6_9,4_6,60_90,6_9,0_10,1
125,6000_8000,3_6,3_6,3_6,3_6,2_4,30_60,3_6,0_10,0
126,2000_4000,0_3,0_3,0_3,6_9,0_2,30_60,3_6,0_10,0
127,0_2000,6_9,0_3,3_6,3_6,0_2,60_90,3_6,0_10,0
128,0_2000,6_9,6_9,3_6,6_9,6_8,60_90,0_3,0_10,1
129,0_2000,6_9,3_6,3_6,6_9,2_4,60_90,3_6,0_10,0
130,6000_8000,0_3,0_3,0_3,6_9,2_4,0_30,6_9,0_10,0
131,0_2000,3_6,3_6,3_6,6_9,0_2,30_60,3_6,0_10,0
132,0_2000,0_3,6_9,6_9,3_6,4_6,30_60,3_6,0_10,0
133,0_2000,0_3,6_9,0_3,3_6,6_8,60_90,6_9,0_10,1
134,0_2000,3_6,3_6,0_3,6_9,0_2,60_90,0_3,0_10,0
135,0_2000,0_3,6_9,3_6,3_6,4_6,60_90,0_3,0_10,1
136,0_2000,0_3,3_6,0_3,6_9,0_2,30_60,3_6,10_20,0
137,0_2000,6_9,3_6,3_6,6_9,0_2,60_90,0_3,10_20,0
138,0_2000,3_6,0_3,3_6,6_9,2_4,30_60,3_6,10_20,0
139,0_2000,3_6,3_6,3_6,3_6,4_6,60_90,3_6,10_20,1
140,0_2000,3_6,3_6,3_6,6_9,0_2,60_90,0_3,10_20,0
141,0_2000,0_3,6_9,3_6,0_3,0_2,30_60,3_6,10_20,0
142,0_2000,0_3,3_6,3_6,3_6,2_4,30_60,3_6,10_20,0
143,0_2000,6_9,3_6,3_6,6_9,0_2,60_90,3_6,10_20,0
144,0_2000,6_9,6_9,3_6,3_6,0_2,60_90,3_6,10_20,0
145,0_2000,3_6,6_9,3_6,3_6,4_6,30_60,6_9,10_20,0
146,0_2000,3_6,3_6,3_6,6_9,0_2,30_60,3_6,10_20,0
147,0_2000,3_6,0_3,3_6,6_9,0_2,60_90,6_9,10_20,0
148,0_2000,6_9,0_3,0_3,3_6,0_2,30_60,3_6,10_20,0
149,0_2000,6_9,3_6,3_6,6_9,0_2,60_90,3_6,10_20,0
150,0_2000,0_3,6_9,0_3,6_9,6_8,30_60,3_6,10_20,1
151,0_2000,6_9,0_3,0_3,6_9,0_2,0_30,6_9,10_20,0
152,0_2000,6_9,3_6,3_6,3_6,0_2,60_90,0_3,10_20,0
153,0_2000,0_3,3_6,3_6,3_6,0_2,60_90,0_3,10_20,0
154,0_2000,3_6,3_6,3_6,6_9,0_2,30_60,6_9,10_20,0
155,0_2000,6_9,0_3,0_3,6_9,0_2,30_60,6_9,10_20,0
156,0_2000,6_9,3_6,3_6,3_6,0_2,30_60,3_6,10_20,0
157,0_2000,0_3,6_9,3_6,0_3,0_2,60_90,0_3,10_20,0
158,0_2000,0_3,3_6,0_3,6_9,0_2,0_30,3_6,10_20,0
159,0_2000,6_9,3_6,6_9,6_9,0_2,0_30,3_6,10_20,0
160,0_2000,3_6,3_6,0_3,6_9,4_6,30_60,3_6,10_20,1
161,6000_8000,3_6,3_6,3_6,6_9,0_2,0_30,3_6,10_20,0
162,0_2000,0_3,3_6,0_3,6_9,0_2,30_60,3_6,10_20,0
163,0_2000,3_6,3_6,0_3,6_9,4_6,60_90,3_6,10_20,1
164,0_2000,3_6,3_6,0_3,3_6,4_6,60_90,3_6,10_20,1
165,0_2000,6_9,3_6,0_3,3_6,4_6,60_90,0_3,10_20,1
166,0_2000,6_9,6_9,0_3,0_3,0_2,60_90,0_3,10_20,0
167,0_2000,0_3,3_6,3_6,6_9,0_2,30_60,6_9,10_20,0
168,0_2000,3_6,6_9,6_9,3_6,0_2,30_60,3_6,10_20,0
169,0_2000,0_3,3_6,3_6,3_6,4_6,0_30,3_6,10_20,0
170,0_2000,6_9,3_6,3_6,0_3,0_2,60_90,3_6,10_20,0
171,0_2000,6_9,6_9,0_3,6_9,4_6,60_90,3_6,10_20,1
172,0_2000,6_9,6_9,0_3,3_6,4_6,60_90,3_6,10_20,1
173,0_2000,6_9,6_9,0_3,6_9,6_8,60_90,3_6,10_20,1
174,2000_4000,0_3,3_6,6_9,0_3,0_2,0_30,0_3,10_20,0
175,0_2000,3_6,3_6,3_6,6_9,0_2,30_60,3_6,10_20,0
176,0_2000,3_6,3_6,3_6,6_9,0_2,60_90,0_3,10_20,0
177,0_2000,6_9,3_6,6_9,3_6,0_2,60_90,3_6,10_20,0
178,0_2000,0_3,3_6,0_3,6_9,0_2,0_30,6_9,10_20,0
179,0_2000,0_3,6_9,0_3,3_6,4_6,0_30,3_6,10_20,1
180,0_2000,3_6,6_9,0_3,6_9,6_8,60_90,0_3,10_20,1
181,0_2000,6_9,0_3,3_6,6_9,0_2,30_60,6_9,10_20,0
182,0_2000,6_9,0_3,0_3,6_9,0_2,60_90,3_6,10_20,0
183,0_2000,6_9,3_6,3_6,0_3,0_2,30_60,3_6,10_20,0
184,0_2000,0_3,3_6,6_9,3_6,2_4,30_60,3_6,10_20,0
185,0_2000,0_3,3_6,3_6,3_6,4_6,0_30,3_6,10_20,1
186,0_2000,0_3,3_6,6_9,3_6,0_2,0_30,3_6,10_20,0
187,0_2000,6_9,3_6,0_3,6_9,2_4,60_90,3_6,10_20,0
188,0_2000,6_9,0_3,3_6,6_9,0_2,30_60,3_6,10_20,0
189,0_2000,0_3,6_9,0_3,3_6,6_8,30_60,6_9,10_20,1
190,0_2000,0_3,3_6,0_3,6_9,0_2,0_30,3_6,10_20,0
191,0_2000,6_9,3_6,3_6,6_9,2_4,60_90,6_9,10_20,0
192,0_2000,3_6,3_6,3_6,6_9,0_2,30_60,0_3,10_20,0
193,0_2000,0_3,3_6,3_6,6_9,4_6,0_30,3_6,10_20,0
194,0_2000,6_9,6_9,0_3,6_9,4_6,30_60,0_3,10_20,1
195,0_2000,6_9,3_6,6_9,0_3,0_2,60_90,3_6,10_20,0
196,0_2000,6_9,3_6,3_6,3_6,0_2,60_90,0_3,10_20,0
197,2000_4000,0_3,3_6,3_6,6_9,0_2,30_60,3_6,10_20,0
198,0_2000,3_6,3_6,3_6,3_6,0_2,30_60,6_9,10_20,0
199,0_2000,6_9,6_9,0_3,3_6,4_6,60_90,3_6,10_20,1
200,0_2000,3_6,3_6,0_3,3_6,0_2,60_90,6_9,10_20,0
201,0_2000,3_6,3_6,0_3,3_6,4_6,60_90,0_3,10_20,1
202,0_2000,0_3,3_6,3_6,3_6,4_6,60_90,3_6,10_20,1
203,0_2000,3_6,6_9,0_3,6_9,6_8,30_60,6_9,10_20,1
204,0_2000,0_3,6_9,3_6,6_9,4_6,30_60,3_6,10_20,1
205,0_2000,6_9,0_3,0_3,6_9,0_2,60_90,3_6,10_20,0
206,0_2000,0_3,0_3,3_6,6_9,0_2,30_60,3_6,10_20,0
207,0_2000,0_3,6_9,0_3,3_6,6_8,30_60,6_9,10_20,1
208,0_2000,3_6,3_6,3_6,3_6,4_6,30_60,3_6,10_20,1
209,0_2000,6_9,3_6,3_6,0_3,0_2,60_90,3_6,10_20,0
210,0_2000,6_9,6_9,0_3,6_9,6_8,30_60,3_6,10_20,1
211,0_2000,6_9,3_6,3_6,3_6,0_2,30_60,3_6,10_20,0
212,0_2000,0_3,3_6,3_6,3_6,2_4,0_30,6_9,10_20,1
213,2000_4000,6_9,3_6,0_3,6_9,4_6,60_90,3_6,10_20,1
214,0_2000,0_3,3_6,3_6,3_6,0_2,30_60,3_6,10_20,0
215,0_2000,0_3,6_9,0_3,3_6,4_6,30_60,3_6,10_20,1
216,0_2000,0_3,3_6,6_9,3_6,0_2,30_60,0_3,10_20,0
217,0_2000,3_6,3_6,0_3,6_9,2_4,30_60,6_9,10_20,0
218,0_2000,0_3,3_6,3_6,6_9,0_2,0_30,3_6,10_20,0
219,0_2000,0_3,3_6,3_6,6_9,2_4,0_30,3_6,10_20,0
220,0_2000,0_3,6_9,6_9,3_6,2_4,0_30,3_6,10_20,0
221,0_2000,6_9,3_6,0_3,6_9,4_6,60_90,3_6,10_20,1
222,0_2000,0_3,3_6,0_3,6_9,2_4,30_60,0_3,10_20,0
223,0_2000,6_9,0_3,0_3,0_3,2_4,30_60,3_6,10_20,0
224,0_2000,0_3,3_6,3_6,3_6,0_2,30_60,3_6,10_20,1
225,0_2000,6_9,6_9,6_9,3_6,0_2,60_90,3_6,10_20,0
226,0_2000,6_9,3_6,0_3,6_9,0_2,30_60,3_6,10_20,0
227,0_2000,6_9,3_6,0_3,6_9,0_2,60_90,0_3,10_20,0
228,0_2000,3_6,6_9,3_6,6_9,6_8,60_90,3_6,10_20,1
229,0_2000,0_3,3_6,3_6,3_6,2_4,30_60,3_6,10_20,1
230,0_2000,0_3,3_6,3_6,3_6,4_6,30_60,3_6,10_20,0
231,0_2000,6_9,0_3,0_3,6_9,0_2,30_60,3_6,10_20,0
232,0_2000,6_9,6_9,3_6,6_9,4_6,60_90,0_3,10_20,1
233,0_2000,0_3,3_6,3_6,6_9,0_2,30_60,0_3,10_20,0
234,0_2000,0_3,3_6,3_6,3_6,4_6,0_30,3_6,10_20,1
235,0_2000,3_6,0_3,3_6,6_9,0_2,30_60,6_9,10_20,0
236,0_2000,6_9,0_3,0_3,6_9,0_2,60_90,3_6,10_20,0
237,0_2000,6_9,3_6,0_3,3_6,2_4,60_90,3_6,10_20,0
238,0_2000,0_3,6_9,3_6,6_9,2_4,60_90,6_9,10_20,0
239,0_2000,3_6,0_3,3_6,6_9,0_2,30_60,3_6,10_20,0
240,0_2000,0_3,3_6,3_6,6_9,2_4,60_90,3_6,10_20,0
241,0_2000,6_9,3_6,6_9,3_6,0_2,30_60,0_3,10_20,0
242,0_2000,0_3,3_6,0_3,3_6,2_4,60_90,0_3,10_20,0
243,0_2000,6_9,0_3,3_6,6_9,0_2,60_90,3_6,10_20,0
244,0_2000,3_6,6_9,0_3,6_9,4_6,0_30,3_6,10_20,1
245,0_2000,6_9,6_9,0_3,6_9,6_8,30_60,3_6,10_20,1
246,0_2000,3_6,6_9,3_6,0_3,0_2,30_60,3_6,10_20,0
247,0_2000,3_6,6_9,0_3,6_9,6_8,30_60,3_6,10_20,1
248,0_2000,0_3,6_9,0_3,6_9,6_8,60_90,3_6,10_20,1
249,6000_8000,3_6,0_3,0_3,6_9,0_2,30_60,3_6,10_20,0
250,0_2000,0_3,3_6,3_6,6_9,0_2,0_30,6_9,10_20,0
251,0_2000,6_9,0_3,3_6,6_9,0_2,30_60,3_6,10_20,0
252,0_2000,6_9,3_6,3_6,3_6,2_4,60_90,6_9,10_20,1
253,0_2000,6_9,6_9,0_3,3_6,4_6,60_90,6_9,10_20,1
254,0_2000,0_3,6_9,0_3,3_6,6_8,0_30,3_6,10_20,1
255,0_2000,0_3,0_3,3_6,6_9,0_2,30_60,6_9,10_20,0
256,0_2000,6_9,3_6,0_3,6_9,0_2,60_90,3_6,10_20,0
257,0_2000,3_6,3_6,0_3,6_9,4_6,30_60,6_9,10_20,1
258,0_2000,3_6,6_9,0_3,6_9,4_6,60_90,3_6,10_20,1
259,0_2000,0_3,3_6,0_3,6_9,0_2,30_60,3_6,10_20,0
260,0_2000,3_6,3_6,0_3,6_9,2_4,30_60,3_6,10_20,0
261,0_2000,6_9,6_9,3_6,3_6,4_6,30_60,3_6,10_20,1
262,0_2000,3_6,3_6,3_6,6_9,0_2,30_60,3_6,10_20,0
263,0_2000,0_3,6_9,3_6,6_9,4_6,30_60,3_6,10_20,1
264,0_2000,0_3,3_6,0_3,3_6,0_2,30_60,3_6,10_20,0
265,0_2000,3_6,3_6,3_6,6_9,2_4,0_30,6_9,10_20,0
266,0_2000,0_3,3_6,3_6,6_9,0_2,30_60,3_6,10_20,0
267,0_2000,0_3,3_6,3_6,6_9,0_2,30_60,6_9,10_20,0
268,0_2000,3_6,3_6,3_6,6_9,0_2,30_60,6_9,10_20,0
269,0_2000,0_3,6_9,6_9,0_3,0_2,60_90,3_6,10_20,0
270,0_2000,0_3,3_6,0_3,3_6,2_4,0_30,3_6,10_20,0
271,0_2000,0_3,3_6,0_3,6_9,0_2,60_90,3_6,10_20,0
272,0_2000,3_6,3_6,3_6,6_9,0_2,30_60,3_6,10_20,0
273,0_2000,6_9,3_6,0_3,6_9,2_4,0_30,6_9,10_20,0
274,0_2000,3_6,3_6,3_6,6_9,2_4,0_30,3_6,10_20,0
275,0_2000,6_9,3_6,0_3,3_6,6_8,60_90,3_6,10_20,1
276,0_2000,0_3,3_6,3_6,3_6,0_2,0_30,3_6,10_20,0
277,0_2000,3_6,6_9,0_3,6_9,6_8,0_30,6_9,10_20,1
278,0_2000,3_6,6_9,3_6,3_6,0_2,60_90,6_9,10_20,1
279,0_2000,3_6,3_6,3_6,3_6,0_2,30_60,3_6,10_20,0
280,0_2000,3_6,3_6,0_3,6_9,0_2,60_90,3_6,10_20,0
281,0_2000,6_9,3_6,0_3,6_9,4_6,60_90,3_6,10_20,0
282,0_2000,6_9,3_6,3_6,6_9,0_2,30_60,3_6,10_20,0
283,0_2000,3_6,6_9,0_3,3_6,4_6,30_60,0_3,10_20,1
284,0_2000,3_6,3_6,3_6,3_6,0_2,30_60,6_9,10_20,0
285,0_2000,0_3,3_6,3_6,6_9,4_6,60_90,3_6,10_20,1
286,0_2000,6_9,6_9,0_3,3_6,4_6,30_60,3_6,10_20,1
287,0_2000,0_3,3_6,0_3,3_6,2_4,0_30,3_6,10_20,0
288,6000_8000,6_9,3_6,0_3,3_6,4_6,60_90,6_9,10_20,1
289,0_2000,0_3,3_6,0_3,3_6,4_6,30_60,3_6,10_20,1
290,0_2000,3_6,3_6,0_3,6_9,4_6,30_60,3_6,10_20,1
291,0_2000,3_6,3_6,3_6,6_9,0_2,30_60,3_6,10_20,0
292,0_2000,3_6,3_6,3_6,3_6,4_6,30_60,3_6,10_20,1
293,0_2000,3_6,6_9,0_3,3_6,4_6,60_90,3_6,10_20,1
294,0_2000,0_3,3_6,0_3,3_6,0_2,30_60,3_6,10_20,0
295,0_2000,6_9,6_9,0_3,3_6,6_8,0_30,6_9,10_20,1
296,0_2000,6_9,3_6,0_3,3_6,4_6,60_90,6_9,10_20,1
297,0_2000,3_6,3_6,3_6,6_9,2_4,30_60,3_6,10_20,0
298,0_2000,0_3,3_6,3_6,3_6,0_2,30_60,3_6,10_20,0
299,0_2000,3_6,3_6,0_3,3_6,6_8,60_90,3_6,10_20,1
300,0_2000,6_9,3_6,3_6,3_6,4_6,60_90,3_6,10_20,1
301,0_2000,3_6,6_9,0_3,6_9,6_8,60_90,6_9,10_20,1
302,0_2000,6_9,3_6,3_6,6_9,0_2,30_60,3_6,10_20,0
303,0_2000,3_6,3_6,3_6,6_9,0_2,0_30,6_9,10_20,0
304,0_2000,3_6,3_6,3_6,3_6,0_2,0_30,6_9,10_20,0
305,0_2000,6_9,0_3,0_3,6_9,0_2,0_30,6_9,10_20,0
306,0_2000,3_6,0_3,3_6,3_6,0_2,60_90,6_9,10_20,0
307,0_2000,0_3,6_9,0_3,3_6,6_8,30_60,3_6,10_20,1
308,0_2000,0_3,3_6,0_3,6_9,0_2,30_60,6_9,10_20,0
309,0_2000,0_3,6_9,0_3,6_9,6_8,30_60,3_6,10_20,1
310,0_2000,6_9,3_6,3_6,6_9,0_2,30_60,3_6,10_20,0
311,0_2000,3_6,0_3,3_6,6_9,0_2,60_90,6_9,10_20,0
312,0_2000,0_3,3_6,0_3,6_9,0_2,30_60,6_9,10_20,0
313,0_2000,6_9,3_6,0_3,6_9,0_2,60_90,3_6,10_20,0
314,0_2000,6_9,3_6,3_6,3_6,4_6,30_60,3_6,10_20,0
315,0_2000,3_6,3_6,3_6,3_6,0_2,30_60,6_9,10_20,0
316,0_2000,6_9,3_6,3_6,6_9,4_6,60_90,0_3,10_20,1
317,0_2000,6_9,3_6,3_6,3_6,2_4,60_90,3_6,10_20,1
318,0_2000,3_6,3_6,3_6,6_9,0_2,0_30,6_9,10_20,0
319,0_2000,6_9,3_6,3_6,6_9,0_2,0_30,3_6,10_20,0
320,0_2000,3_6,0_3,0_3,6_9,0_2,60_90,0_3,10_20,0
321,0_2000,6_9,3_6,0_3,6_9,4_6,60_90,3_6,10_20,1
322,0_2000,6_9,6_9,3_6,3_6,6_8,60_90,3_6,10_20,0
323,0_2000,0_3,0_3,0_3,6_9,0_2,30_60,6_9,10_20,0
324,0_2000,0_3,3_6,3_6,6_9,4_6,0_30,3_6,10_20,1
325,0_2000,3_6,3_6,3_6,3_6,0_2,0_30,6_9,10_20,0
326,0_2000,0_3,3_6,3_6,6_9,2_4,0_30,6_9,10_20,0
327,0_2000,6_9,6_9,3_6,3_6,4_6,60_90,3_6,10_20,0
328,0_2000,0_3,6_9,3_6,3_6,0_2,0_30,3_6,10_20,0
329,0_2000,6_9,3_6,0_3,6_9,0_2,60_90,0_3,10_20,0
330,0_2000,3_6,6_9,0_3,6_9,4_6,30_60,3_6,10_20,1
331,0_2000,0_3,3_6,3_6,3_6,4_6,60_90,6_9,10_20,1
332,0_2000,6_9,3_6,0_3,6_9,0_2,60_90,3_6,10_20,0
333,0_2000,6_9,3_6,0_3,6_9,0_2,60_90,3_6,10_20,0
334,0_2000,3_6,0_3,3_6,3_6,2_4,60_90,6_9,10_20,0
335,0_2000,0_3,3_6,6_9,3_6,0_2,30_60,3_6,10_20,0
336,0_2000,6_9,3_6,3_6,6_9,0_2,60_90,0_3,10_20,0
337,0_2000,3_6,3_6,3_6,6_9,0_2,0_30,6_9,10_20,0
338,0_2000,0_3,6_9,0_3,3_6,6_8,30_60,3_6,10_20,1
339,0_2000,3_6,3_6,3_6,6_9,0_2,30_60,3_6,10_20,0
340,0_2000,6_9,0_3,0_3,6_9,0_2,30_60,3_6,10_20,0
341,0_2000,6_9,3_6,3_6,3_6,0_2,60_90,0_3,10_20,0
342,0_2000,0_3,0_3,3_6,6_9,0_2,0_30,3_6,10_20,0
343,0_2000,6_9,3_6,3_6,6_9,2_4,60_90,3_6,10_20,0
344,0_2000,0_3,0_3,3_6,6_9,0_2,30_60,6_9,10_20,0
345,0_2000,3_6,3_6,0_3,3_6,4_6,30_60,3_6,10_20,1
346,0_2000,0_3,6_9,0_3,3_6,4_6,0_30,3_6,10_20,1
347,2000_4000,0_3,0_3,0_3,6_9,0_2,30_60,3_6,10_20,0
348,0_2000,3_6,3_6,0_3,3_6,4_6,30_60,3_6,10_20,1
349,0_2000,0_3,6_9,0_3,3_6,6_8,0_30,3_6,10_20,1
350,0_2000,6_9,3_6,0_3,3_6,4_6,60_90,6_9,10_20,1
351,0_2000,0_3,6_9,0_3,3_6,4_6,30_60,3_6,10_20,1
352,0_2000,3_6,3_6,0_3,3_6,4_6,30_60,6_9,10_20,1
353,0_2000,0_3,3_6,3_6,6_9,4_6,30_60,6_9,10_20,0
354,0_2000,3_6,3_6,3_6,3_6,2_4,30_60,6_9,10_20,0
355,0_2000,0_3,3_6,0_3,3_6,6_8,60_90,6_9,10_20,1
356,0_2000,3_6,3_6,0_3,6_9,4_6,30_60,3_6,10_20,1
357,0_2000,6_9,6_9,0_3,6_9,6_8,30_60,3_6,10_20,1
358,0_2000,3_6,3_6,0_3,6_9,4_6,0_30,6_9,10_20,1
359,0_2000,0_3,3_6,0_3,3_6,0_2,30_60,3_6,10_20,1
360,0_2000,3_6,3_6,3_6,3_6,0_2,30_60,3_6,10_20,0
361,0_2000,0_3,3_6,3_6,6_9,4_6,30_60,3_6,10_20,1
362,0_2000,3_6,3_6,3_6,6_9,2_4,30_60,3_6,10_20,0
363,0_2000,3_6,3_6,3_6,6_9,0_2,0_30,6_9,10_20,0
364,0_2000,3_6,3_6,0_3,6_9,0_2,0_30,3_6,10_20,0
365,0_2000,6_9,6_9,3_6,3_6,0_2,60_90,3_6,10_20,0
366,0_2000,0_3,3_6,3_6,3_6,6_8,30_60,3_6,10_20,1
367,0_2000,6_9,6_9,0_3,3_6,6_8,30_60,6_9,10_20,1
368,0_2000,6_9,6_9,0_3,3_6,6_8,60_90,6_9,10_20,1
369,0_2000,6_9,3_6,3_6,6_9,0_2,60_90,3_6,10_20,0
370,0_2000,0_3,6_9,0_3,3_6,4_6,30_60,3_6,10_20,1
371,0_2000,0_3,3_6,3_6,3_6,0_2,30_60,0_3,10_20,0
372,0_2000,6_9,3_6,0_3,6_9,4_6,30_60,6_9,10_20,1
373,0_2000,0_3,3_6,3_6,3_6,0_2,30_60,0_3,10_20,0
374,0_2000,0_3,3_6,3_6,6_9,0_2,30_60,3_6,10_20,0
375,0_2000,3_6,6_9,0_3,6_9,6_8,30_60,6_9,10_20,1
376,0_2000,6_9,3_6,3_6,6_9,0_2,30_60,3_6,10_20,0
377,0_2000,6_9,6_9,0_3,3_6,6_8,60_90,3_6,10_20,1
378,0_2000,0_3,3_6,6_9,3_6,0_2,30_60,3_6,10_20,0
379,0_2000,6_9,6_9,0_3,3_6,6_8,60_90,3_6,10_20,1
380,0_2000,0_3,3_6,0_3,6_9,0_2,30_60,3_6,10_20,0
381,0_2000,3_6,0_3,3_6,6_9,0_2,30_60,3_6,10_20,0
382,0_2000,0_3,3_6,0_3,6_9,4_6,30_60,6_9,10_20,0
383,0_2000,0_3,3_6,3_6,6_9,0_2,30_60,6_9,10_20,0
384,0_2000,6_9,3_6,6_9,0_3,0_2,30_60,0_3,10_20,0
385,0_2000,3_6,6_9,0_3,6_9,4_6,60_90,6_9,10_20,1
386,0_2000,3_6,3_6,3_6,6_9,0_2,30_60,3_6,10_20,0
387,0_2000,3_6,3_6,3_6,6_9,0_2,30_60,3_6,10_20,0
388,0_2000,0_3,0_3,0_3,6_9,0_2,30_60,6_9,10_20,0
389,0_2000,0_3,3_6,3_6,0_3,0_2,60_90,0_3,10_20,0
390,0_2000,6_9,3_6,3_6,6_9,0_2,60_90,3_6,10_20,0
391,0_2000,6_9,3_6,3_6,6_9,0_2,60_90,6_9,10_20,0
392,0_2000,0_3,6_9,3_6,3_6,0_2,30_60,3_6,10_20,0
393,0_2000,3_6,6_9,6_9,3_6,0_2,30_60,3_6,10_20,0
394,0_2000,0_3,6_9,0_3,6_9,6_8,30_60,3_6,10_20,1
395,0_2000,6_9,3_6,3_6,6_9,2_4,30_60,6_9,10_20,0
396,0_2000,6_9,6_9,0_3,6_9,6_8,30_60,3_6,10_20,1
397,0_2000,6_9,6_9,0_3,6_9,6_8,60_90,3_6,10_20,1
398,0_2000,0_3,3_6,3_6,6_9,0_2,30_60,3_6,10_20,0
399,6000_8000,0_3,3_6,3_6,3_6,0_2,60_90,3_6,10_20,0
400,0_2000,0_3,6_9,6_9,3_6,0_2,60_90,3_6,10_20,0
401,0_2000,3_6,3_6,0_3,6_9,0_2,0_30,6_9,10_20,0
402,0_2000,0_3,0_3,0_3,6_9,0_2,0_30,3_6,10_20,0
403,0_2000,3_6,6_9,0_3,6_9,6_8,30_60,3_6,10_20,1
404,0_2000,6_9,3_6,3_6,3_6,0_2,60_90,3_6,10_20,0
405,0_2000,0_3,3_6,0_3,6_9,2_4,30_60,3_6,10_20,0
406,0_2000,3_6,6_9,0_3,6_9,6_8,30_60,3_6,10_20,1
407,0_2000,3_6,6_9,0_3,6_9,6_8,60_90,3_6,10_20,1
408,0_2000,0_3,3_6,0_3,6_9,0_2,30_60,6_9,10_20,0
409,0_2000,6_9,6_9,0_3,3_6,6_8,30_60,6_9,10_20,1
410,0_2000,0_3,6_9,0_3,6_9,6_8,30_60,6_9,10_20,1
411,0_2000,6_9,3_6,6_9,0_3,0_2,60_90,3_6,10_20,0
412,0_2000,0_3,3_6,3_6,3_6,0_2,30_60,3_6,10_20,0
413,0_2000,3_6,3_6,3_6,6_9,6_8,30_60,6_9,10_20,0
414,0_2000,6_9,3_6,3_6,6_9,0_2,60_90,3_6,10_20,0
415,0_2000,3_6,3_6,3_6,3_6,0_2,30_60,3_6,10_20,0
416,0_2000,0_3,6_9,0_3,3_6,4_6,30_60,3_6,10_20,1
417,0_2000,6_9,6_9,3_6,6_9,6_8,60_90,3_6,10_20,1
418,0_2000,3_6,6_9,3_6,3_6,6_8,30_60,6_9,10_20,1
419,0_2000,6_9,3_6,3_6,3_6,2_4,30_60,3_6,10_20,0
420,0_2000,0_3,3_6,0_3,3_6,4_6,60_90,3_6,10_20,1
421,0_2000,0_3,6_9,0_3,3_6,6_8,30_60,6_9,10_20,1
422,0_2000,6_9,3_6,0_3,6_9,4_6,60_90,0_3,10_20,1
423,6000_8000,0_3,3_6,0_3,6_9,2_4,60_90,3_6,10_20,0
424,0_2000,3_6,0_3,3_6,6_9,0_2,30_60,3_6,10_20,0
425,0_2000,3_6,6_9,0_3,3_6,6_8,30_60,6_9,10_20,1
426,0_2000,0_3,3_6,0_3,6_9,4_6,0_30,6_9,10_20,1
427,0_2000,3_6,3_6,3_6,3_6,0_2,30_60,3_6,10_20,0
428,0_2000,0_3,3_6,3_6,6_9,0_2,30_60,3_6,10_20,0
429,0_2000,6_9,3_6,3_6,6_9,4_6,0_30,6_9,10_20,1
430,0_2000,0_3,3_6,3_6,6_9,4_6,0_30,6_9,10_20,0
431,0_2000,0_3,3_6,6_9,3_6,2_4,30_60,3_6,10_20,0
432,0_2000,3_6,0_3,3_6,6_9,0_2,30_60,6_9,10_20,0
433,0_2000,6_9,3_6,3_6,6_9,4_6,60_90,3_6,10_20,1
434,0_2000,6_9,0_3,0_3,6_9,0_2,30_60,6_9,10_20,0
435,0_2000,6_9,3_6,0_3,6_9,4_6,60_90,3_6,10_20,1
436,0_2000,3_6,3_6,3_6,6_9,0_2,60_90,3_6,10_20,0
437,0_2000,3_6,3_6,6_9,3_6,2_4,0_30,3_6,10_20,0
438,0_2000,0_3,3_6,0_3,6_9,0_2,30_60,3_6,10_20,0
439,0_2000,0_3,6_9,0_3,6_9,6_8,0_30,3_6,10_20,1
440,0_2000,0_3,3_6,3_6,6_9,0_2,0_30,6_9,10_20,0
441,0_2000,0_3,0_3,0_3,6_9,0_2,30_60,3_6,10_20,0
442,0_2000,0_3,0_3,0_3,6_9,0_2,30_60,6_9,10_20,0
443,0_2000,3_6,0_3,3_6,6_9,0_2,30_60,3_6,10_20,0
444,0_2000,0_3,6_9,0_3,6_9,6_8,60_90,3_6,10_20,1
445,0_2000,0_3,6_9,0_3,6_9,4_6,30_60,6_9,10_20,1
446,0_2000,6_9,3_6,3_6,3_6,4_6,30_60,0_3,10_20,1
447,0_2000,0_3,3_6,3_6,3_6,4_6,30_60,3_6,10_20,1
448,0_2000,0_3,6_9,3_6,0_3,0_2,30_60,3_6,10_20,0
449,0_2000,0_3,3_6,6_9,6_9,2_4,30_60,3_6,10_20,0
450,0_2000,0_3,3_6,0_3,6_9,4_6,0_30,3_6,10_20,1
451,0_2000,3_6,3_6,0_3,6_9,6_8,60_90,3_6,10_20,1
452,0_2000,0_3,6_9,0_3,3_6,4_6,30_60,6_9,10_20,1
453,0_2000,6_9,6_9,0_3,3_6,0_2,30_60,3_6,10_20,1
454,0_2000,6_9,0_3,3_6,6_9,0_2,60_90,3_6,10_20,0
455,0_2000,0_3,3_6,6_9,0_3,4_6,0_30,3_6,10_20,1
456,0_2000,0_3,3_6,3_6,3_6,4_6,30_60,6_9,10_20,1
457,0_2000,6_9,3_6,0_3,3_6,0_2,30_60,3_6,10_20,1
458,0_2000,6_9,6_9,0_3,6_9,6_8,60_90,3_6,10_20,1
459,0_2000,6_9,6_9,0_3,3_6,6_8,30_60,3_6,10_20,1
460,0_2000,3_6,3_6,3_6,3_6,0_2,30_60,3_6,10_20,0
461,0_2000,3_6,6_9,0_3,6_9,6_8,30_60,6_9,10_20,1
462,6000_8000,0_3,6_9,3_6,6_9,6_8,30_60,3_6,10_20,1
463,0_2000,0_3,3_6,6_9,6_9,0_2,30_60,3_6,10_20,0
464,0_2000,6_9,3_6,3_6,6_9,0_2,60_90,6_9,10_20,0
465,0_2000,6_9,3_6,0_3,3_6,4_6,30_60,3_6,10_20,1
466,0_2000,3_6,0_3,3_6,6_9,0_2,0_30,6_9,10_20,0
467,0_2000,6_9,3_6,3_6,6_9,0_2,60_90,3_6,10_20,0
468,0_2000,0_3,6_9,0_3,3_6,2_4,30_60,6_9,10_20,0
469,0_2000,3_6,0_3,0_3,6_9,2_4,60_90,6_9,10_20,0
470,0_2000,0_3,6_9,0_3,6_9,6_8,30_60,3_6,10_20,1
471,0_2000,0_3,0_3,3_6,3_6,0_2,30_60,6_9,10_20,0
472,0_2000,6_9,3_6,3_6,6_9,0_2,30_60,0_3,10_20,0
473,0_2000,3_6,0_3,3_6,6_9,0_2,30_60,6_9,10_20,0
474,0_2000,6_9,6_9,0_3,6_9,6_8,30_60,6_9,10_20,1
475,0_2000,6_9,6_9,3_6,3_6,0_2,60_90,3_6,10_20,0
476,0_2000,0_3,6_9,0_3,3_6,6_8,0_30,3_6,10_20,1
477,0_2000,3_6,0_3,3_6,6_9,0_2,0_30,6_9,10_20,0
478,0_2000,3_6,3_6,3_6,6_9,4_6,60_90,3_6,10_20,0
479,0_2000,0_3,6_9,0_3,6_9,6_8,30_60,6_9,10_20,1
480,0_2000,3_6,0_3,3_6,6_9,2_4,30_60,6_9,10_20,0
481,0_2000,3_6,3_6,3_6,6_9,0_2,30_60,6_9,10_20,0
482,0_2000,0_3,6_9,0_3,3_6,6_8,30_60,6_9,10_20,1
483,0_2000,0_3,6_9,3_6,6_9,6_8,30_60,3_6,10_20,1
484,0_2000,3_6,3_6,3_6,3_6,0_2,60_90,3_6,10_20,0
485,0_2000,6_9,3_6,0_3,6_9,0_2,60_90,3_6,10_20,0
486,2000_4000,6_9,3_6,3_6,6_9,0_2,30_60,6_9,10_20,0
487,0_2000,0_3,3_6,3_6,6_9,4_6,30_60,6_9,10_20,0
488,0_2000,6_9,0_3,3_6,6_9,0_2,30_60,3_6,10_20,0
489,0_2000,6_9,3_6,0_3,6_9,6_8,60_90,6_9,10_20,1
490,0_2000,0_3,3_6,6_9,0_3,0_2,30_60,3_6,10_20,0
491,0_2000,0_3,3_6,0_3,3_6,4_6,30_60,3_6,10_20,1
492,0_2000,0_3,3_6,3_6,3_6,4_6,30_60,6_9,10_20,1
493,0_2000,0_3,3_6,0_3,6_9,6_8,30_60,6_9,10_20,1
494,0_2000,3_6,3_6,3_6,6_9,2_4,30_60,6_9,10_20,0
495,0_2000,6_9,0_3,3_6,0_3,2_4,30_60,3_6,10_20,1
496,0_2000,0_3,3_6,3_6,6_9,0_2,30_60,3_6,10_20,0
497,0_2000,6_9,3_6,0_3,6_9,2_4,30_60,6_9,10_20,0
498,0_2000,0_3,3_6,0_3,3_6,0_2,30_60,6_9,10_20,1
499,0_2000,3_6,3_6,0_3,6_9,0_2,30_60,6_9,10_20,0
500,0_2000,6_9,6_9,0_3,6_9,6_8,30_60,3_6,10_20,1
501,0_2000,0_3,6_9,0_3,6_9,6_8,30_60,3_6,10_20,1
502,0_2000,3_6,3_6,0_3,3_6,4_6,30_60,6_9,10_20,1
503,0_2000,0_3,3_6,0_3,6_9,4_6,30_60,3_6,10_20,1
504,0_2000,3_6,3_6,3_6,3_6,4_6,30_60,3_6,10_20,1
505,0_2000,3_6,3_6,3_6,3_6,4_6,30_60,3_6,10_20,0
506,0_2000,0_3,3_6,3_6,0_3,0_2,0_30,0_3,10_20,0
507,0_2000,0_3,6_9,0_3,6_9,6_8,30_60,3_6,10_20,1
508,0_2000,0_3,3_6,3_6,6_9,0_2,30_60,6_9,10_20,0
509,0_2000,6_9,3_6,0_3,3_6,4_6,60_90,3_6,10_20,1
510,0_2000,3_6,3_6,3_6,6_9,0_2,30_60,3_6,10_20,0
511,0_2000,0_3,6_9,0_3,6_9,6_8,30_60,3_6,10_20,1
512,0_2000,0_3,3_6,0_3,3_6,4_6,30_60,3_6,10_20,1
513,2000_4000,6_9,0_3,0_3,6_9,0_2,0_30,3_6,10_20,0
514,0_2000,0_3,0_3,3_6,6_9,0_2,30_60,3_6,10_20,0
515,6000_8000,6_9,3_6,3_6,6_9,0_2,30_60,3_6,10_20,0
516,6000_8000,3_6,3_6,0_3,6_9,0_2,30_60,6_9,10_20,1
517,0_2000,0_3,6_9,0_3,6_9,4_6,0_30,3_6,10_20,1
518,0_2000,6_9,6_9,6_9,3_6,2_4,30_60,3_6,10_20,0
519,0_2000,3_6,3_6,3_6,6_9,0_2,60_90,3_6,10_20,0
520,0_2000,0_3,0_3,0_3,6_9,0_2,30_60,6_9,10_20,0
521,0_2000,0_3,0_3,3_6,6_9,2_4,0_30,3_6,10_20,0
522,0_2000,3_6,3_6,0_3,6_9,4_6,30_60,3_6,10_20,1
523,0_2000,0_3,6_9,0_3,6_9,4_6,30_60,3_6,10_20,1
524,0_2000,3_6,3_6,0_3,3_6,4_6,60_90,6_9,10_20,1
525,0_2000,0_3,6_9,0_3,3_6,4_6,30_60,6_9,10_20,1
526,0_2000,0_3,3_6,0_3,6_9,0_2,0_30,3_6,10_20,0
527,2000_4000,6_9,3_6,0_3,3_6,2_4,60_90,6_9,10_20,1
528,0_2000,0_3,3_6,3_6,6_9,6_8,60_90,6_9,10_20,1
529,0_2000,6_9,3_6,0_3,6_9,0_2,30_60,6_9,10_20,0
530,6000_8000,0_3,3_6,3_6,6_9,0_2,30_60,6_9,10_20,0
531,0_2000,3_6,3_6,3_6,3_6,0_2,30_60,6_9,10_20,0
532,0_2000,6_9,3_6,0_3,3_6,6_8,60_90,6_9,10_20,1
533,0_2000,6_9,3_6,3_6,3_6,4_6,30_60,6_9,10_20,0
534,0_2000,6_9,0_3,0_3,6_9,0_2,30_60,3_6,10_20,0
535,0_2000,3_6,3_6,3_6,6_9,2_4,0_30,6_9,10_20,0
536,0_2000,0_3,0_3,3_6,6_9,0_2,0_30,6_9,10_20,0
537,2000_4000,3_6,3_6,0_3,6_9,2_4,0_30,3_6,10_20,0
538,0_2000,3_6,6_9,0_3,6_9,4_6,30_60,3_6,10_20,1
539,0_2000,0_3,6_9,3_6,3_6,4_6,30_60,3_6,10_20,1
540,0_2000,6_9,0_3,3_6,6_9,0_2,60_90,6_9,10_20,0
541,0_2000,0_3,3_6,0_3,6_9,4_6,30_60,3_6,10_20,0
542,0_2000,6_9,3_6,6_9,3_6,2_4,60_90,0_3,10_20,1
543,0_2000,6_9,3_6,3_6,6_9,0_2,30_60,3_6,10_20,0
544,0_2000,0_3,3_6,3_6,0_3,0_2,30_60,3_6,10_20,0
545,0_2000,0_3,3_6,0_3,6_9,6_8,0_30,3_6,10_20,1
546,0_2000,6_9,3_6,3_6,6_9,0_2,30_60,6_9,10_20,0
547,0_2000,3_6,3_6,0_3,6_9,0_2,30_60,3_6,10_20,1
548,0_2000,0_3,6_9,0_3,3_6,4_6,30_60,3_6,10_20,1
549,0_2000,0_3,3_6,6_9,3_6,0_2,30_60,3_6,10_20,0
550,0_2000,0_3,6_9,0_3,6_9,6_8,30_60,3_6,10_20,1
551,0_2000,0_3,0_3,3_6,3_6,0_2,0_30,3_6,10_20,1
552,0_2000,0_3,6_9,3_6,6_9,6_8,30_60,6_9,10_20,1
553,0_2000,0_3,3_6,3_6,6_9,0_2,30_60,6_9,10_20,0
554,0_2000,0_3,3_6,3_6,6_9,4_6,30_60,3_6,10_20,0
555,0_2000,0_3,3_6,0_3,6_9,2_4,0_30,3_6,10_20,0
556,0_2000,6_9,6_9,3_6,6_9,4_6,30_60,3_6,10_20,1
557,0_2000,0_3,3_6,3_6,3_6,4_6,0_30,3_6,10_20,1
558,0_2000,6_9,0_3,0_3,6_9,0_2,30_60,3_6,10_20,0
559,0_2000,6_9,0_3,3_6,6_9,0_2,30_60,3_6,10_20,0
560,0_2000,6_9,0_3,0_3,6_9,0_2,30_60,3_6,10_20,0
561,0_2000,3_6,0_3,3_6,6_9,6_8,60_90,3_6,10_20,0
562,0_2000,0_3,3_6,0_3,6_9,0_2,0_30,3_6,10_20,0
563,0_2000,0_3,3_6,3_6,6_9,0_2,30_60,3_6,10_20,0
564,0_2000,0_3,0_3,3_6,6_9,2_4,30_60,6_9,10_20,0
565,0_2000,0_3,3_6,3_6,6_9,0_2,30_60,3_6,10_20,0
566,0_2000,3_6,3_6,0_3,3_6,4_6,30_60,6_9,10_20,1
567,0_2000,6_9,3_6,3_6,3_6,0_2,60_90,3_6,10_20,0
568,0_2000,0_3,3_6,6_9,0_3,0_2,30_60,3_6,10_20,0
569,0_2000,3_6,3_6,3_6,6_9,0_2,30_60,3_6,10_20,0
570,0_2000,3_6,0_3,3_6,6_9,2_4,30_60,6_9,10_20,0
571,0_2000,3_6,3_6,3_6,6_9,0_2,30_60,3_6,10_20,0
572,0_2000,6_9,0_3,0_3,3_6,0_2,30_60,3_6,10_20,0
573,0_2000,3_6,6_9,0_3,6_9,4_6,30_60,6_9,20_30,1
574,0_2000,6_9,3_6,0_3,6_9,2_4,30_60,6_9,20_30,0
575,0_2000,0_3,3_6,3_6,3_6,6_8,30_60,3_6,20_30,1
576,0_2000,0_3,3_6,3_6,6_9,0_2,0_30,3_6,20_30,0
577,0_2000,3_6,6_9,0_3,6_9,6_8,30_60,6_9,20_30,1
578,0_2000,0_3,6_9,0_3,6_9,4_6,30_60,6_9,20_30,1
579,0_2000,0_3,0_3,3_6,6_9,0_2,30_60,3_6,20_30,0
580,0_2000,6_9,3_6,0_3,6_9,6_8,30_60,6_9,20_30,1
581,0_2000,0_3,3_6,3_6,6_9,2_4,0_30,3_6,20_30,0
582,0_2000,3_6,0_3,0_3,6_9,0_2,30_60,3_6,20_30,0
583,0_2000,6_9,3_6,0_3,6_9,2_4,30_60,3_6,20_30,0
584,0_2000,3_6,3_6,6_9,3_6,2_4,30_60,3_6,20_30,0
585,0_2000,0_3,6_9,0_3,3_6,4_6,30_60,3_6,20_30,1
586,0_2000,6_9,6_9,3_6,6_9,4_6,30_60,6_9,20_30,1
587,0_2000,3_6,3_6,3_6,6_9,0_2,30_60,6_9,20_30,0
588,0_2000,6_9,6_9,0_3,3_6,6_8,60_90,6_9,20_30,1
589,0_2000,0_3,3_6,3_6,6_9,2_4,30_60,3_6,20_30,0
590,0_2000,6_9,0_3,3_6,6_9,0_2,30_60,3_6,20_30,0
591,0_2000,0_3,3_6,0_3,6_9,4_6,0_30,3_6,20_30,1
592,0_2000,0_3,3_6,0_3,3_6,6_8,30_60,3_6,20_30,1
593,0_2000,6_9,3_6,6_9,0_3,2_4,0_30,3_6,20_30,0
594,0_2000,0_3,6_9,3_6,6_9,4_6,30_60,3_6,20_30,1
595,0_2000,3_6,3_6,3_6,6_9,2_4,30_60,3_6,20_30,0
596,0_2000,0_3,6_9,0_3,6_9,6_8,30_60,3_6,20_30,1
597,0_2000,3_6,6_9,6_9,6_9,0_2,30_60,3_6,20_30,0
598,0_2000,0_3,3_6,0_3,3_6,4_6,30_60,6_9,20_30,1
599,0_2000,3_6,3_6,3_6,6_9,4_6,60_90,3_6,20_30,1
600,0_2000,6_9,6_9,0_3,6_9,4_6,30_60,3_6,20_30,1
601,0_2000,0_3,6_9,0_3,3_6,6_8,30_60,3_6,20_30,1
602,0_2000,3_6,3_6,3_6,6_9,0_2,30_60,3_6,20_30,0
603,0_2000,3_6,3_6,3_6,6_9,0_2,30_60,6_9,20_30,0
604,0_2000,6_9,3_6,3_6,3_6,0_2,30_60,6_9,20_30,0
605,0_2000,0_3,6_9,0_3,6_9,6_8,30_60,3_6,20_30,1
606,0_2000,0_3,6_9,0_3,6_9,6_8,30_60,6_9,20_30,1
607,0_2000,3_6,0_3,3_6,6_9,2_4,30_60,6_9,20_30,0
608,0_2000,0_3,6_9,0_3,6_9,6_8,30_60,3_6,20_30,1
609,0_2000,0_3,3_6,0_3,3_6,4_6,60_90,3_6,20_30,1
610,0_2000,6_9,6_9,0_3,3_6,6_8,30_60,3_6,20_30,1
611,0_2000,3_6,3_6,0_3,6_9,0_2,30_60,3_6,20_30,0
612,0_2000,3_6,6_9,0_3,6_9,4_6,60_90,3_6,20_30,1
613,0_2000,6_9,3_6,6_9,3_6,6_8,30_60,3_6,20_30,0
614,0_2000,0_3,0_3,0_3,6_9,0_2,30_60,6_9,20_30,0
615,0_2000,6_9,6_9,0_3,3_6,6_8,60_90,6_9,20_30,1
616,0_2000,0_3,6_9,0_3,6_9,6_8,30_60,6_9,20_30,1
617,0_2000,6_9,3_6,0_3,3_6,4_6,60_90,6_9,20_30,1
618,0_2000,0_3,3_6,3_6,6_9,4_6,30_60,3_6,20_30,0
619,0_2000,3_6,6_9,3_6,3_6,0_2,30_60,3_6,20_30,0
620,2000_4000,3_6,0_3,3_6,0_3,4_6,30_60,3_6,20_30,1
621,0_2000,3_6,6_9,0_3,3_6,6_8,30_60,6_9,20_30,1
622,0_2000,6_9,3_6,0_3,6_9,4_6,60_90,6_9,20_30,1
623,6000_8000,3_6,3_6,3_6,6_9,0_2,30_60,3_6,20_30,0
624,0_2000,0_3,3_6,3_6,3_6,0_2,30_60,6_9,20_30,0
625,0_2000,3_6,3_6,3_6,3_6,4_6,30_60,6_9,20_30,0
626,0_2000,0_3,3_6,3_6,6_9,4_6,30_60,6_9,20_30,1
627,0_2000,0_3,6_9,0_3,3_6,6_8,30_60,3_6,20_30,1
628,0_2000,6_9,3_6,3_6,6_9,4_6,30_60,3_6,20_30,0
629,0_2000,3_6,3_6,3_6,6_9,0_2,30_60,3_6,20_30,0
630,0_2000,0_3,3_6,3_6,6_9,2_4,30_60,6_9,20_30,0
631,0_2000,0_3,3_6,3_6,6_9,0_2,30_60,6_9,20_30,0
632,0_2000,6_9,6_9,3_6,3_6,4_6,30_60,3_6,20_30,0
633,0_2000,6_9,6_9,0_3,3_6,4_6,30_60,3_6,20_30,1
634,0_2000,0_3,3_6,3_6,6_9,0_2,30_60,6_9,20_30,0
635,0_2000,0_3,0_3,3_6,6_9,0_2,30_60,6_9,20_30,0
636,0_2000,3_6,3_6,3_6,6_9,4_6,60_90,6_9,20_30,0
637,2000_4000,0_3,6_9,0_3,6_9,4_6,30_60,3_6,20_30,1
638,0_2000,3_6,6_9,0_3,3_6,4_6,30_60,3_6,20_30,0
639,0_2000,6_9,3_6,3_6,6_9,0_2,30_60,3_6,20_30,0
640,0_2000,6_9,3_6,0_3,3_6,2_4,30_60,3_6,20_30,1
641,0_2000,6_9,6_9,3_6,6_9,4_6,30_60,0_3,20_30,1
642,0_2000,0_3,3_6,0_3,6_9,2_4,30_60,3_6,20_30,0
643,0_2000,6_9,3_6,3_6,3_6,2_4,30_60,6_9,20_30,1
644,0_2000,6_9,3_6,0_3,3_6,0_2,30_60,6_9,20_30,1
645,0_2000,0_3,3_6,3_6,0_3,2_4,30_60,3_6,20_30,0
646,0_2000,0_3,3_6,0_3,6_9,2_4,30_60,6_9,20_30,0
647,0_2000,6_9,3_6,0_3,3_6,4_6,30_60,6_9,20_30,1
648,0_2000,6_9,6_9,0_3,6_9,6_8,60_90,3_6,20_30,1
649,0_2000,6_9,6_9,0_3,3_6,6_8,30_60,6_9,20_30,1
650,0_2000,6_9,3_6,0_3,6_9,4_6,60_90,3_6,20_30,1
651,0_2000,0_3,3_6,3_6,6_9,0_2,30_60,6_9,20_30,0
652,0_2000,0_3,6_9,3_6,6_9,6_8,30_60,6_9,20_30,1
653,0_2000,6_9,6_9,3_6,6_9,4_6,30_60,3_6,20_30,1
654,0_2000,0_3,3_6,3_6,3_6,6_8,30_60,3_6,20_30,1
655,0_2000,0_3,3_6,0_3,6_9,4_6,30_60,3_6,20_30,0
656,0_2000,6_9,3_6,3_6,3_6,4_6,60_90,6_9,20_30,1
657,0_2000,6_9,3_6,0_3,6_9,0_2,30_60,3_6,20_30,1
658,0_2000,6_9,0_3,0_3,6_9,0_2,30_60,3_6,20_30,0
659,0_2000,0_3,6_9,0_3,3_6,4_6,60_90,3_6,20_30,1
660,6000_8000,6_9,3_6,0_3,6_9,4_6,30_60,3_6,20_30,0
661,0_2000,6_9,3_6,3_6,6_9,0_2,30_60,3_6,20_30,0
662,0_2000,0_3,6_9,0_3,6_9,6_8,30_60,3_6,20_30,1
663,0_2000,0_3,3_6,3_6,3_6,2_4,30_60,6_9,20_30,0
664,6000_8000,6_9,3_6,3_6,0_3,0_2,30_60,3_6,20_30,0
665,0_2000,0_3,6_9,0_3,6_9,4_6,30_60,3_6,20_30,1
666,0_2000,0_3,3_6,0_3,6_9,4_6,30_60,3_6,20_30,1
667,0_2000,3_6,6_9,0_3,3_6,4_6,30_60,6_9,20_30,1
668,0_2000,3_6,3_6,0_3,6_9,0_2,30_60,3_6,20_30,0
669,0_2000,6_9,6_9,3_6,0_3,2_4,30_60,3_6,20_30,0
670,0_2000,0_3,3_6,3_6,6_9,0_2,30_60,3_6,20_30,0
671,0_2000,3_6,3_6,3_6,6_9,0_2,60_90,6_9,20_30,0
672,0_2000,6_9,0_3,3_6,3_6,0_2,30_60,6_9,20_30,0
673,0_2000,6_9,0_3,3_6,6_9,0_2,60_90,6_9,20_30,0
674,0_2000,6_9,6_9,0_3,6_9,6_8,30_60,6_9,20_30,1
675,0_2000,3_6,3_6,0_3,3_6,4_6,60_90,6_9,20_30,1
676,0_2000,6_9,3_6,3_6,6_9,0_2,60_90,3_6,20_30,0
677,0_2000,6_9,3_6,0_3,3_6,6_8,30_60,6_9,20_30,1
678,0_2000,6_9,3_6,0_3,6_9,0_2,30_60,6_9,20_30,0
679,0_2000,6_9,6_9,0_3,6_9,6_8,60_90,3_6,20_30,1
680,0_2000,0_3,6_9,3_6,6_9,4_6,30_60,6_9,20_30,1
681,0_2000,3_6,6_9,3_6,3_6,4_6,30_60,6_9,20_30,1
682,0_2000,0_3,3_6,0_3,6_9,0_2,30_60,6_9,20_30,0
683,0_2000,3_6,6_9,0_3,6_9,6_8,30_60,3_6,20_30,1
684,0_2000,6_9,3_6,3_6,6_9,0_2,60_90,6_9,20_30,0
685,0_2000,6_9,3_6,3_6,6_9,2_4,30_60,3_6,20_30,0
686,0_2000,0_3,6_9,0_3,6_9,6_8,30_60,3_6,20_30,1
687,0_2000,6_9,3_6,0_3,6_9,2_4,30_60,3_6,20_30,0
688,0_2000,0_3,3_6,0_3,6_9,0_2,30_60,6_9,20_30,0
689,0_2000,0_3,6_9,0_3,6_9,6_8,30_60,6_9,20_30,1
690,0_2000,6_9,3_6,0_3,6_9,6_8,30_60,3_6,20_30,1
691,0_2000,0_3,3_6,0_3,6_9,4_6,30_60,6_9,20_30,1
692,0_2000,0_3,3_6,6_9,0_3,2_4,30_60,3_6,20_30,0
693,0_2000,0_3,3_6,3_6,6_9,2_4,30_60,3_6,20_30,0
694,0_2000,3_6,3_6,0_3,3_6,4_6,60_90,6_9,20_30,1
695,0_2000,3_6,3_6,3_6,3_6,0_2,60_90,0_3,20_30,0
696,0_2000,0_3,3_6,0_3,6_9,6_8,30_60,6_9,20_30,1
697,0_2000,3_6,0_3,3_6,6_9,0_2,30_60,6_9,20_30,0
698,0_2000,0_3,0_3,3_6,6_9,0_2,30_60,6_9,20_30,0
699,0_2000,0_3,3_6,3_6,6_9,2_4,30_60,3_6,20_30,0
700,0_2000,3_6,3_6,3_6,6_9,2_4,30_60,3_6,20_30,1
701,0_2000,6_9,3_6,3_6,3_6,2_4,60_90,3_6,20_30,0
702,0_2000,6_9,6_9,0_3,3_6,6_8,30_60,3_6,20_30,0
703,0_2000,0_3,0_3,3_6,3_6,2_4,0_30,6_9,20_30,0
704,0_2000,6_9,3_6,0_3,3_6,4_6,30_60,6_9,20_30,0
705,0_2000,0_3,6_9,3_6,3_6,0_2,30_60,3_6,20_30,0
706,0_2000,0_3,6_9,3_6,6_9,6_8,30_60,6_9,20_30,1
707,0_2000,0_3,3_6,3_6,6_9,4_6,30_60,6_9,20_30,1
708,0_2000,6_9,3_6,3_6,3_6,2_4,30_60,6_9,20_30,0
709,0_2000,0_3,3_6,3_6,3_6,4_6,30_60,3_6,20_30,1
710,0_2000,6_9,6_9,0_3,6_9,6_8,60_90,6_9,20_30,1
711,0_2000,0_3,0_3,3_6,6_9,4_6,30_60,3_6,20_30,0
712,0_2000,0_3,6_9,0_3,6_9,6_8,30_60,3_6,20_30,1
713,0_2000,0_3,0_3,0_3,6_9,0_2,60_90,3_6,20_30,0
714,0_2000,0_3,3_6,0_3,3_6,4_6,30_60,6_9,20_30,0
715,0_2000,0_3,0_3,0_3,6_9,0_2,30_60,3_6,20_30,0
716,0_2000,3_6,3_6,3_6,3_6,4_6,30_60,3_6,20_30,1
717,0_2000,3_6,6_9,3_6,6_9,4_6,0_30,6_9,20_30,1
718,0_2000,6_9,3_6,3_6,3_6,4_6,30_60,3_6,20_30,1
719,0_2000,6_9,0_3,3_6,3_6,0_2,30_60,3_6,20_30,0
720,0_2000,0_3,3_6,0_3,6_9,4_6,30_60,3_6,20_30,1
721,0_2000,0_3,3_6,0_3,6_9,2_4,30_60,3_6,20_30,0
722,0_2000,3_6,3_6,0_3,6_9,4_6,30_60,6_9,20_30,1
723,0_2000,0_3,3_6,0_3,6_9,4_6,30_60,3_6,20_30,1
724,0_2000,3_6,3_6,3_6,3_6,2_4,0_30,3_6,20_30,0
725,0_2000,0_3,6_9,0_3,3_6,4_6,30_60,3_6,20_30,1
726,0_2000,6_9,3_6,3_6,3_6,4_6,60_90,6_9,20_30,1
727,0_2000,3_6,3_6,3_6,6_9,0_2,30_60,3_6,20_30,0
728,0_2000,6_9,3_6,3_6,3_6,2_4,30_60,3_6,20_30,1
729,0_2000,6_9,3_6,0_3,6_9,0_2,60_90,3_6,20_30,0
730,0_2000,3_6,3_6,3_6,6_9,0_2,30_60,6_9,20_30,0
731,0_2000,3_6,6_9,0_3,6_9,6_8,30_60,3_6,20_30,1
732,0_2000,3_6,3_6,3_6,6_9,2_4,30_60,6_9,20_30,0
733,0_2000,6_9,3_6,3_6,6_9,0_2,30_60,3_6,20_30,0
734,0_2000,3_6,3_6,0_3,3_6,6_8,30_60,3_6,20_30,1
735,0_2000,3_6,3_6,0_3,3_6,6_8,30_60,6_9,20_30,1
736,0_2000,3_6,3_6,3_6,6_9,4_6,60_90,6_9,20_30,1
737,0_2000,6_9,3_6,0_3,3_6,6_8,60_90,3_6,20_30,1
738,2000_4000,3_6,3_6,0_3,3_6,4_6,30_60,6_9,20_30,1
739,0_2000,0_3,3_6,3_6,3_6,2_4,30_60,6_9,20_30,1
740,0_2000,6_9,3_6,0_3,6_9,4_6,30_60,6_9,20_30,1
741,0_2000,0_3,3_6,0_3,3_6,4_6,30_60,3_6,20_30,1
742,0_2000,3_6,3_6,3_6,6_9,4_6,60_90,3_6,20_30,0
743,0_2000,0_3,3_6,0_3,3_6,0_2,30_60,3_6,20_30,0
744,0_2000,6_9,3_6,0_3,6_9,6_8,30_60,0_3,20_30,1
745,0_2000,0_3,3_6,3_6,6_9,6_8,30_60,6_9,20_30,1
746,0_2000,0_3,6_9,0_3,6_9,6_8,60_90,3_6,20_30,1
747,0_2000,3_6,3_6,3_6,6_9,4_6,30_60,3_6,20_30,0
748,0_2000,0_3,6_9,3_6,3_6,4_6,30_60,6_9,20_30,1
749,0_2000,0_3,6_9,0_3,6_9,4_6,30_60,3_6,20_30,1
750,0_2000,3_6,3_6,3_6,6_9,2_4,30_60,3_6,20_30,0
751,0_2000,6_9,3_6,0_3,6_9,0_2,30_60,6_9,20_30,0
752,0_2000,0_3,6_9,3_6,6_9,0_2,30_60,3_6,20_30,1
753,0_2000,0_3,3_6,0_3,6_9,4_6,0_30,6_9,20_30,1
754,0_2000,6_9,3_6,3_6,3_6,2_4,30_60,6_9,20_30,0
755,0_2000,0_3,0_3,0_3,3_6,0_2,30_60,3_6,20_30,0
756,0_2000,6_9,3_6,3_6,6_9,4_6,30_60,3_6,20_30,1
757,0_2000,3_6,6_9,0_3,6_9,6_8,30_60,3_6,20_30,1
758,0_2000,0_3,3_6,0_3,6_9,0_2,30_60,3_6,20_30,0
759,0_2000,3_6,0_3,3_6,3_6,0_2,30_60,3_6,20_30,0
760,0_2000,3_6,6_9,0_3,6_9,6_8,30_60,3_6,20_30,1
761,0_2000,3_6,3_6,0_3,6_9,0_2,30_60,3_6,20_30,0
762,0_2000,0_3,0_3,3_6,6_9,0_2,30_60,6_9,20_30,0
763,0_2000,3_6,6_9,3_6,0_3,0_2,0_30,3_6,20_30,0
764,0_2000,0_3,6_9,0_3,6_9,6_8,30_60,3_6,20_30,1
765,0_2000,6_9,6_9,0_3,6_9,6_8,60_90,6_9,20_30,1
766,0_2000,3_6,3_6,3_6,6_9,0_2,30_60,6_9,20_30,0
767,0_2000,6_9,3_6,6_9,0_3,4_6,30_60,3_6,20_30,0
768,0_2000,0_3,3_6,0_3,6_9,2_4,0_30,6_9,20_30,1
769,0_2000,0_3,3_6,0_3,6_9,0_2,0_30,3_6,20_30,0
770,0_2000,6_9,3_6,0_3,6_9,4_6,60_90,6_9,20_30,1
771,0_2000,6_9,6_9,0_3,6_9,6_8,0_30,6_9,20_30,1
772,0_2000,6_9,3_6,3_6,3_6,0_2,30_60,6_9,20_30,0
773,0_2000,6_9,3_6,3_6,6_9,4_6,30_60,6_9,20_30,0
774,0_2000,0_3,3_6,3_6,3_6,4_6,0_30,3_6,20_30,0
775,0_2000,0_3,6_9,3_6,0_3,0_2,30_60,3_6,20_30,0
776,0_2000,6_9,3_6,6_9,3_6,0_2,30_60,3_6,20_30,0
777,0_2000,3_6,3_6,0_3,6_9,4_6,30_60,6_9,20_30,0
778,0_2000,3_6,3_6,3_6,6_9,2_4,30_60,6_9,20_30,0
779,0_2000,6_9,6_9,0_3,6_9,6_8,30_60,6_9,20_30,1
780,0_2000,6_9,3_6,3_6,6_9,4_6,60_90,0_3,20_30,0
781,0_2000,3_6,3_6,3_6,6_9,2_4,30_60,6_9,20_30,0
782,0_2000,6_9,3_6,3_6,6_9,2_4,30_60,6_9,20_30,0
783,0_2000,0_3,3_6,3_6,6_9,2_4,0_30,6_9,20_30,0
784,0_2000,3_6,3_6,3_6,6_9,0_2,30_60,6_9,20_30,0
785,0_2000,3_6,6_9,0_3,3_6,4_6,30_60,6_9,20_30,1
786,0_2000,6_9,6_9,0_3,6_9,6_8,30_60,6_9,20_30,1
787,0_2000,0_3,6_9,0_3,3_6,6_8,30_60,6_9,20_30,1
788,0_2000,0_3,0_3,3_6,6_9,0_2,30_60,6_9,20_30,0
789,0_2000,0_3,3_6,3_6,3_6,2_4,30_60,3_6,20_30,0
790,0_2000,0_3,6_9,0_3,6_9,4_6,30_60,3_6,20_30,1
791,0_2000,0_3,3_6,3_6,3_6,4_6,30_60,3_6,20_30,1
792,0_2000,3_6,0_3,0_3,6_9,0_2,30_60,6_9,20_30,0
793,0_2000,6_9,3_6,0_3,6_9,2_4,30_60,6_9,20_30,0
794,0_2000,0_3,3_6,0_3,6_9,4_6,30_60,6_9,20_30,1
795,0_2000,6_9,3_6,0_3,6_9,4_6,30_60,3_6,20_30,1
796,0_2000,0_3,3_6,3_6,3_6,2_4,30_60,3_6,20_30,0
797,0_2000,6_9,6_9,0_3,3_6,6_8,60_90,6_9,20_30,1
798,0_2000,0_3,0_3,0_3,6_9,0_2,0_30,6_9,20_30,0
799,0_2000,6_9,6_9,0_3,3_6,6_8,30_60,3_6,20_30,1
800,0_2000,0_3,0_3,0_3,6_9,0_2,0_30,6_9,20_30,0
801,0_2000,0_3,3_6,0_3,6_9,6_8,30_60,6_9,20_30,1
802,0_2000,0_3,6_9,0_3,6_9,6_8,30_60,3_6,20_30,1
803,0_2000,0_3,3_6,0_3,6_9,4_6,30_60,6_9,20_30,0
804,0_2000,3_6,0_3,0_3,3_6,0_2,30_60,6_9,20_30,0
805,0_2000,3_6,3_6,3_6,6_9,0_2,30_60,6_9,20_30,0
806,0_2000,0_3,6_9,0_3,3_6,4_6,30_60,6_9,20_30,1
807,0_2000,6_9,3_6,3_6,6_9,2_4,30_60,6_9,20_30,0
808,0_2000,0_3,3_6,0_3,6_9,6_8,30_60,3_6,20_30,1
809,0_2000,3_6,3_6,3_6,6_9,2_4,0_30,6_9,20_30,0
810,0_2000,6_9,0_3,0_3,6_9,0_2,30_60,6_9,20_30,0
811,0_2000,3_6,6_9,3_6,3_6,6_8,60_90,3_6,20_30,1
812,0_2000,6_9,0_3,0_3,3_6,0_2,60_90,6_9,20_30,0
813,0_2000,3_6,6_9,0_3,6_9,4_6,60_90,6_9,20_30,1
814,0_2000,6_9,3_6,0_3,6_9,4_6,30_60,3_6,20_30,1
815,0_2000,6_9,3_6,3_6,6_9,4_6,30_60,6_9,20_30,0
816,0_2000,0_3,3_6,0_3,6_9,6_8,30_60,6_9,20_30,1
817,0_2000,6_9,6_9,0_3,6_9,4_6,30_60,6_9,20_30,1
818,0_2000,0_3,3_6,0_3,3_6,4_6,30_60,6_9,20_30,1
819,0_2000,0_3,3_6,3_6,6_9,0_2,30_60,6_9,20_30,0
820,0_2000,6_9,3_6,0_3,6_9,4_6,30_60,6_9,20_30,1
821,0_2000,0_3,3_6,0_3,6_9,0_2,30_60,6_9,20_30,0
822,0_2000,3_6,6_9,6_9,3_6,0_2,30_60,3_6,20_30,0
823,0_2000,0_3,6_9,0_3,6_9,4_6,30_60,6_9,20_30,1
824,0_2000,6_9,6_9,0_3,6_9,6_8,60_90,3_6,20_30,1
825,0_2000,0_3,3_6,0_3,6_9,4_6,0_30,3_6,20_30,1
826,0_2000,3_6,3_6,3_6,3_6,0_2,30_60,6_9,20_30,0
827,0_2000,3_6,3_6,0_3,6_9,4_6,0_30,3_6,20_30,1
828,0_2000,6_9,0_3,3_6,3_6,6_8,30_60,6_9,20_30,1
829,0_2000,6_9,3_6,3_6,0_3,2_4,30_60,3_6,20_30,0
830,0_2000,0_3,0_3,0_3,6_9,4_6,30_60,6_9,20_30,0
831,0_2000,0_3,3_6,3_6,6_9,0_2,30_60,3_6,20_30,0
832,0_2000,3_6,0_3,3_6,6_9,2_4,30_60,3_6,20_30,0
833,0_2000,6_9,6_9,0_3,6_9,6_8,60_90,6_9,20_30,1
834,0_2000,0_3,6_9,0_3,6_9,4_6,0_30,3_6,20_30,1
835,0_2000,0_3,3_6,3_6,3_6,2_4,30_60,6_9,20_30,1
836,0_2000,0_3,3_6,3_6,6_9,4_6,60_90,3_6,20_30,0
837,0_2000,0_3,6_9,0_3,3_6,6_8,30_60,6_9,20_30,1
838,0_2000,0_3,6_9,0_3,6_9,6_8,30_60,3_6,20_30,1
839,0_2000,0_3,6_9,0_3,6_9,4_6,30_60,6_9,20_30,1
840,0_2000,0_3,6_9,0_3,6_9,4_6,30_60,6_9,20_30,1
841,0_2000,0_3,6_9,0_3,3_6,4_6,30_60,6_9,20_30,1
842,0_2000,0_3,3_6,3_6,6_9,0_2,30_60,6_9,20_30,0
843,0_2000,6_9,3_6,3_6,3_6,2_4,30_60,3_6,20_30,0
844,0_2000,3_6,6_9,3_6,3_6,4_6,0_30,6_9,20_30,1
845,0_2000,3_6,3_6,3_6,3_6,0_2,0_30,6_9,20_30,0
846,0_2000,6_9,3_6,0_3,6_9,4_6,30_60,6_9,20_30,0
847,0_2000,0_3,3_6,0_3,6_9,4_6,30_60,3_6,20_30,1
848,0_2000,3_6,6_9,0_3,6_9,6_8,30_60,6_9,20_30,1
849,0_2000,0_3,6_9,0_3,3_6,6_8,30_60,6_9,20_30,1
850,0_2000,6_9,6_9,3_6,6_9,6_8,30_60,6_9,20_30,1
851,0_2000,6_9,3_6,3_6,6_9,6_8,30_60,6_9,20_30,1
852,0_2000,0_3,3_6,3_6,6_9,0_2,30_60,6_9,20_30,0
853,0_2000,3_6,3_6,3_6,6_9,2_4,30_60,3_6,20_30,0
854,0_2000,6_9,6_9,0_3,6_9,6_8,30_60,6_9,20_30,1
855,0_2000,0_3,3_6,3_6,3_6,0_2,30_60,6_9,20_30,0
856,0_2000,3_6,3_6,0_3,3_6,2_4,30_60,3_6,20_30,1
857,0_2000,3_6,3_6,3_6,6_9,0_2,30_60,6_9,20_30,0
858,0_2000,0_3,3_6,0_3,3_6,4_6,30_60,6_9,20_30,1
859,0_2000,6_9,3_6,0_3,3_6,2_4,30_60,3_6,20_30,0
860,0_2000,3_6,6_9,3_6,6_9,6_8,30_60,6_9,20_30,1
861,0_2000,0_3,3_6,3_6,6_9,4_6,30_60,3_6,20_30,0
862,0_2000,3_6,3_6,3_6,3_6,4_6,30_60,6_9,20_30,1
863,0_2000,0_3,3_6,0_3,3_6,4_6,30_60,6_9,20_30,1
864,0_2000,3_6,3_6,3_6,6_9,0_2,30_60,6_9,20_30,0
865,0_2000,0_3,6_9,0_3,6_9,4_6,30_60,3_6,20_30,1
866,0_2000,6_9,3_6,3_6,6_9,4_6,60_90,6_9,20_30,1
867,6000_8000,6_9,3_6,0_3,6_9,4_6,30_60,6_9,20_30,1
868,0_2000,0_3,3_6,0_3,6_9,6_8,0_30,3_6,20_30,1
869,0_2000,0_3,3_6,0_3,6_9,2_4,30_60,6_9,20_30,1
870,2000_4000,0_3,3_6,3_6,6_9,0_2,30_60,6_9,20_30,0
871,0_2000,6_9,3_6,3_6,3_6,0_2,60_90,3_6,20_30,0
872,0_2000,3_6,3_6,3_6,6_9,4_6,30_60,3_6,20_30,1
873,0_2000,6_9,6_9,3_6,6_9,6_8,30_60,6_9,20_30,1
874,0_2000,6_9,3_6,0_3,6_9,2_4,30_60,3_6,20_30,0
875,0_2000,3_6,0_3,0_3,6_9,2_4,30_60,6_9,20_30,0
876,0_2000,0_3,3_6,0_3,6_9,6_8,30_60,6_9,20_30,1
877,0_2000,0_3,0_3,3_6,6_9,0_2,30_60,6_9,20_30,0
878,0_2000,3_6,3_6,3_6,6_9,2_4,60_90,6_9,20_30,0
879,0_2000,6_9,0_3,3_6,6_9,0_2,30_60,6_9,20_30,0
880,0_2000,6_9,3_6,3_6,6_9,2_4,30_60,6_9,20_30,0
881,0_2000,6_9,3_6,3_6,6_9,2_4,30_60,3_6,20_30,0
882,0_2000,3_6,3_6,0_3,6_9,4_6,60_90,3_6,20_30,1
883,0_2000,6_9,0_3,0_3,6_9,0_2,30_60,6_9,20_30,0
884,0_2000,0_3,3_6,3_6,6_9,2_4,60_90,6_9,20_30,0
885,0_2000,3_6,6_9,0_3,6_9,4_6,30_60,6_9,20_30,1
886,0_2000,3_6,3_6,3_6,3_6,6_8,30_60,3_6,20_30,1
887,0_2000,3_6,0_3,3_6,6_9,0_2,0_30,3_6,20_30,0
888,0_2000,6_9,3_6,3_6,3_6,4_6,30_60,6_9,20_30,1
889,0_2000,0_3,0_3,3_6,3_6,0_2,30_60,6_9,20_30,0
890,0_2000,6_9,3_6,0_3,6_9,4_6,30_60,3_6,20_30,1
891,0_2000,0_3,3_6,3_6,6_9,2_4,30_60,6_9,20_30,0
892,0_2000,3_6,3_6,0_3,6_9,4_6,30_60,3_6,20_30,1
893,0_2000,0_3,6_9,0_3,3_6,6_8,30_60,3_6,20_30,1
894,0_2000,0_3,0_3,3_6,6_9,2_4,30_60,6_9,20_30,0
895,0_2000,6_9,6_9,3_6,6_9,6_8,30_60,6_9,20_30,0
896,0_2000,0_3,3_6,0_3,3_6,6_8,30_60,6_9,20_30,1
897,0_2000,0_3,6_9,0_3,6_9,6_8,30_60,6_9,20_30,1
898,0_2000,0_3,3_6,3_6,3_6,4_6,30_60,6_9,20_30,1
899,0_2000,3_6,6_9,0_3,6_9,6_8,30_60,6_9,20_30,1
900,0_2000,0_3,6_9,0_3,6_9,6_8,30_60,3_6,20_30,1
901,0_2000,3_6,3_6,3_6,3_6,0_2,0_30,6_9,20_30,0
902,0_2000,0_3,3_6,0_3,6_9,2_4,30_60,6_9,20_30,0
903,0_2000,6_9,3_6,0_3,3_6,6_8,30_60,3_6,20_30,1
904,0_2000,0_3,3_6,0_3,6_9,4_6,30_60,6_9,20_30,0
905,0_2000,0_3,3_6,3_6,6_9,2_4,30_60,6_9,20_30,0
906,0_2000,0_3,3_6,3_6,6_9,2_4,30_60,3_6,20_30,0
907,0_2000,3_6,0_3,3_6,6_9,2_4,30_60,3_6,20_30,0
908,0_2000,6_9,3_6,3_6,6_9,4_6,30_60,6_9,20_30,1
909,0_2000,0_3,6_9,0_3,3_6,6_8,30_60,6_9,20_30,1
910,0_2000,0_3,3_6,3_6,3_6,2_4,30_60,6_9,20_30,0
911,0_2000,6_9,3_6,3_6,3_6,0_2,30_60,6_9,20_30,0
912,0_2000,0_3,0_3,3_6,6_9,0_2,30_60,6_9,20_30,0
913,0_2000,3_6,3_6,0_3,3_6,0_2,30_60,6_9,20_30,0
914,0_2000,0_3,6_9,0_3,3_6,6_8,30_60,6_9,20_30,1
915,0_2000,0_3,6_9,0_3,6_9,6_8,30_60,6_9,20_30,1
916,0_2000,3_6,3_6,0_3,6_9,6_8,30_60,3_6,20_30,1
917,0_2000,6_9,6_9,0_3,3_6,4_6,30_60,6_9,20_30,1
918,0_2000,3_6,0_3,0_3,6_9,0_2,30_60,6_9,20_30,0
919,0_2000,3_6,0_3,3_6,6_9,0_2,30_60,6_9,20_30,0
920,2000_4000,6_9,6_9,3_6,3_6,4_6,30_60,6_9,20_30,0
921,0_2000,6_9,0_3,3_6,3_6,2_4,30_60,6_9,20_30,0
922,0_2000,0_3,3_6,3_6,6_9,2_4,30_60,6_9,20_30,0
923,0_2000,0_3,6_9,3_6,6_9,6_8,30_60,6_9,20_30,1
924,0_2000,3_6,3_6,3_6,6_9,4_6,30_60,6_9,20_30,0
925,0_2000,0_3,3_6,3_6,3_6,0_2,30_60,6_9,20_30,0
926,0_2000,3_6,3_6,0_3,6_9,4_6,0_30,3_6,20_30,1
927,0_2000,3_6,3_6,0_3,3_6,6_8,30_60,6_9,20_30,1
928,0_2000,6_9,3_6,0_3,6_9,2_4,60_90,3_6,20_30,0
929,0_2000,0_3,3_6,3_6,3_6,2_4,30_60,3_6,20_30,0
930,6000_8000,6_9,3_6,3_6,3_6,0_2,30_60,6_9,20_30,1
931,0_2000,3_6,3_6,0_3,6_9,4_6,60_90,6_9,20_30,1
932,0_2000,6_9,3_6,0_3,6_9,4_6,30_60,6_9,20_30,1
933,0_2000,6_9,3_6,3_6,6_9,2_4,30_60,3_6,20_30,0
934,0_2000,6_9,3_6,0_3,3_6,6_8,30_60,6_9,20_30,1
935,0_2000,6_9,6_9,3_6,6_9,6_8,30_60,6_9,20_30,1
936,0_2000,6_9,6_9,0_3,6_9,6_8,30_60,3_6,20_30,1
937,6000_8000,0_3,0_3,3_6,6_9,0_2,30_60,6_9,20_30,0
938,0_2000,6_9,6_9,0_3,6_9,6_8,30_60,3_6,20_30,1
939,0_2000,6_9,6_9,0_3,6_9,4_6,60_90,6_9,20_30,1
940,0_2000,6_9,3_6,0_3,6_9,6_8,30_60,6_9,20_30,1
941,0_2000,3_6,6_9,0_3,6_9,4_6,30_60,6_9,20_30,1
942,0_2000,6_9,6_9,0_3,3_6,6_8,30_60,6_9,20_30,1
943,0_2000,6_9,3_6,0_3,6_9,2_4,60_90,6_9,20_30,1
